round,id,reasons
1,P04,prior_already_target
1,P05,prior_already_target
1,P07,prior_already_target
1,P08,prior_already_target
1,P13,prior_already_target
1,P14,prior_already_target
1,P15,prior_already_target
1,P16,prior_already_target
1,P17,prior_already_target
1,P18,prior_already_target
1,P19,prior_already_target
1,P20,prior_already_target
1,P21,prior_already_target
1,P22,prior_already_target
1,P23,prior_already_target
1,P24,prior_already_target
1,P25,prior_already_target
1,P26,prior_already_target
1,P27,prior_already_target
1,P28,prior_already_target;ceiling_missing_invalid_or_wrong
1,P29,prior_already_target
1,P31,prior_already_target
1,P32,prior_already_target
1,P34,prior_already_target
1,P35,prior_already_target
1,P36,prior_already_target
1,P37,prior_already_target
1,P38,prior_already_target
1,P39,prior_already_target
1,P40,prior_already_target
1,P41,prior_already_target;ceiling_missing_invalid_or_wrong
1,P42,prior_already_target
1,P43,prior_already_target
1,P44,prior_already_target
1,P45,prior_already_target
1,P46,prior_already_target
1,P47,prior_already_target
1,P48,prior_already_target
1,Q01,ceiling_missing_invalid_or_wrong
1,Q02,ceiling_missing_invalid_or_wrong
1,Q04,ceiling_missing_invalid_or_wrong
1,Q06,prior_already_target
1,Q09,ceiling_missing_invalid_or_wrong
1,Q10,prior_already_target
1,Q12,ceiling_missing_invalid_or_wrong
1,Q13,ceiling_missing_invalid_or_wrong
1,Q14,prior_already_target
1,Q16,ceiling_missing_invalid_or_wrong
1,Q18,ceiling_missing_invalid_or_wrong
1,Q19,ceiling_missing_invalid_or_wrong
1,Q20,ceiling_missing_invalid_or_wrong
1,Q21,ceiling_missing_invalid_or_wrong
1,Q22,ceiling_missing_invalid_or_wrong
1,Q24,ceiling_missing_invalid_or_wrong
1,Q26,ceiling_missing_invalid_or_wrong
1,Q28,prior_already_target;ceiling_missing_invalid_or_wrong
1,Q30,prior_already_target
1,Q31,prior_already_target;ceiling_missing_invalid_or_wrong
1,Q32,prior_already_target
1,Q33,prior_already_target
1,Q34,prior_already_target
1,Q35,prior_already_target
1,Q36,prior_already_target
1,Q37,prior_already_target
1,Q38,prior_already_target
1,Q39,prior_already_target
1,Q40,prior_already_target
1,Q41,prior_already_target
1,Q42,prior_already_target
1,Q43,prior_already_target
1,Q45,prior_already_target
1,Q46,prior_already_target
1,Q47,prior_already_target
1,Q48,prior_already_target
2,P53,prior_already_target
2,P54,prior_already_target
2,P56,prior_already_target
2,P57,prior_already_target
2,P58,prior_already_target
2,P59,prior_already_target
2,P60,prior_already_target
2,P64,prior_already_target
2,P66,prior_already_target
2,P67,prior_already_target
2,P68,prior_already_target
2,Q49,ceiling_missing_invalid_or_wrong
2,Q50,prior_already_target
2,Q51,ceiling_missing_invalid_or_wrong
2,Q53,prior_already_target
2,Q55,prior_already_target
2,Q57,prior_already_target
2,Q60,prior_already_target
2,Q62,ceiling_missing_invalid_or_wrong
2,Q63,ceiling_missing_invalid_or_wrong
2,Q65,prior_already_target
2,Q66,prior_already_target
2,Q67,prior_already_target
2,Q68,ceiling_missing_invalid_or_wrong
2,Q69,prior_already_target
2,Q70,prior_already_target
2,Q71,prior_already_target
2,Q72,prior_already_target
