category,group,arm,stage,phase,n,valid,correct,rate,latency_seconds,reported_cost_usd
P,I,B,test,T1,23,23,1,0.043478260869565216,66.50199999997858,0.011411835
P,I,B,test,T2,23,23,3,0.13043478260869565,53.687999999994645,0.011272965
P,N,B,test,T1,23,23,1,0.043478260869565216,40.50400000004447,0.00255105
P,N,B,test,T2,23,23,4,0.17391304347826086,42.579000000012456,0.0026469
P,R,A,test,T1,23,23,22,0.9565217391304348,75.4550000000454,0.0096057
P,R,A,test,T2,23,23,19,0.8260869565217391,71.81099999998696,0.00960699
P,R,B,deleted,T1,4,4,2,0.5,18.236000000004424,0.002737095
P,R,B,deleted,T2,4,4,1,0.25,15.046999999991385,0.002456085
P,R,B,test,T1,23,23,21,0.9130434782608695,51.37599999997474,0.01476213
P,R,B,test,T2,23,23,20,0.8695652173913043,59.654000000009546,0.0146151
Q,I,B,test,use,12,12,5,0.4166666666666667,29.96799999999348,0.00584271
Q,N,B,test,use,12,12,7,0.5833333333333334,27.828999999983353,0.00134535
Q,R,A,learning,ask,12,12,3,0.25,30.764999999999418,0.00406872
Q,R,A,test,use,12,12,11,0.9166666666666666,30.42199999996228,0.00503865
Q,R,B,learning,ask,12,12,3,0.25,35.64199999999255,0.0060489
Q,R,B,test,use,12,12,11,0.9166666666666666,21.57799999996496,0.00748353
W,I,B,test,boundary,24,24,23,0.9583333333333334,44.12199999995937,0.01148517
W,N,B,test,boundary,24,24,23,0.9583333333333334,54.484000000025844,0.00268605
W,R,A,test,boundary,24,24,24,1.0,51.18899999996938,0.00982017
W,R,B,test,boundary,24,24,24,1.0,52.01900000002934,0.01493601
