person,item_id,category,phase,deleted,valid,action,correct,N_correct,before_correct
1,P03,P,T1,True,True,o5,False,False,True
1,P03,P,T2,True,True,o3,False,False,True
1,P52,P,T1,False,True,o3,True,False,True
1,P52,P,T2,False,True,o4,True,True,True
1,P70,P,T1,False,True,o2,True,False,True
1,P70,P,T2,False,True,o1,True,False,True
1,P62,P,T1,False,True,o3,False,False,True
1,P62,P,T2,False,True,o3,False,False,True
1,P09,P,T1,False,True,o1,False,False,True
1,P09,P,T2,False,True,o1,False,False,True
1,P51,P,T1,False,True,o4,False,False,True
1,P51,P,T2,False,True,o2,True,False,True
1,P33,P,T1,True,True,o5,False,False,True
1,P33,P,T2,True,True,o5,True,False,False
1,P63,P,T1,True,True,o5,False,False,True
1,P63,P,T2,True,True,o5,False,False,True
1,Q27,Q,use,False,True,o2,True,False,True
1,Q23,Q,use,False,True,o4,False,True,True
1,Q64,Q,use,False,True,o4,True,False,True
1,Q59,Q,use,False,True,o5,True,True,True
1,W13,W,boundary,False,True,o2,True,True,True
1,W30,W,boundary,False,True,o4,True,True,True
1,W18,W,boundary,False,True,o1,True,True,True
1,W39,W,boundary,False,True,o4,True,True,True
1,W38,W,boundary,False,True,o4,True,False,True
1,W15,W,boundary,False,True,o1,True,True,True
1,W14,W,boundary,False,True,o2,True,True,True
1,W11,W,boundary,False,True,o1,True,True,True
2,P49,P,T1,False,True,o4,False,False,True
2,P49,P,T2,False,True,o5,False,False,True
2,P10,P,T1,True,True,o4,False,False,False
2,P10,P,T2,True,True,o2,False,False,False
2,P11,P,T1,False,True,o4,True,False,True
2,P11,P,T2,False,True,o4,True,False,True
2,P69,P,T1,True,True,o1,False,False,True
2,P69,P,T2,True,True,o1,False,False,True
2,P55,P,T1,False,True,o3,True,False,True
2,P55,P,T2,False,True,o4,True,False,True
2,P02,P,T1,True,True,o5,False,False,True
2,P02,P,T2,True,True,o5,False,False,True
2,P01,P,T1,False,True,o3,False,False,True
2,P01,P,T2,False,True,o1,False,False,True
2,P30,P,T1,False,True,o5,True,False,True
2,P30,P,T2,False,True,o5,False,True,True
2,Q05,Q,use,False,True,o3,True,True,True
2,Q29,Q,use,False,True,o2,False,True,False
2,Q61,Q,use,False,True,o5,True,False,True
2,Q15,Q,use,False,True,o5,False,True,True
2,W46,W,boundary,False,True,o4,True,True,True
2,W20,W,boundary,False,True,o5,True,True,True
2,W33,W,boundary,False,True,o1,True,True,True
2,W26,W,boundary,False,True,o1,True,True,True
2,W23,W,boundary,False,True,o1,True,True,True
2,W29,W,boundary,False,True,o4,True,True,True
2,W22,W,boundary,False,True,o5,True,True,True
2,W47,W,boundary,False,True,o3,True,True,True
3,P61,P,T1,False,True,o3,True,True,True
3,P61,P,T2,False,True,o3,True,False,True
3,P71,P,T1,True,True,o4,False,False,True
3,P71,P,T2,True,True,o4,False,False,True
3,P12,P,T1,False,True,o5,False,False,False
3,P12,P,T2,False,True,o1,True,True,True
3,P72,P,T1,False,True,o1,True,False,True
3,P72,P,T2,False,True,o5,False,False,True
3,P65,P,T1,False,True,o3,True,False,True
3,P65,P,T2,False,True,o4,True,False,True
3,P50,P,T1,True,True,o4,False,False,True
3,P50,P,T2,True,True,o3,False,False,False
3,P06,P,T1,True,True,o3,False,False,True
3,P06,P,T2,True,True,o5,False,True,True
3,Q56,Q,use,False,True,o2,True,True,True
3,Q25,Q,use,False,True,o5,True,False,True
3,Q58,Q,use,False,True,o2,True,True,True
3,Q44,Q,use,False,True,o3,True,False,True
3,W43,W,boundary,False,True,o1,True,True,True
3,W08,W,boundary,False,True,o2,True,True,True
3,W07,W,boundary,False,True,o1,True,True,True
3,W45,W,boundary,False,True,o3,True,True,True
3,W32,W,boundary,False,True,o1,True,True,True
3,W10,W,boundary,False,True,o5,True,True,True
3,W41,W,boundary,False,True,o2,True,True,True
3,W06,W,boundary,False,True,o3,True,True,True
