format,persona,arm,prior_stratum,complete,moments,utility,immediate_utility,information_bonus,d5_learning_and_test,appropriate_asks,ask_opportunities,known_repeats,intrusions,inconvenient_opportunities
S0,1,R,all,True,24,-1,-1,0,0,0,9,0,1,9
S0,1,R,prior_aligned,True,9,0,0,0,0,0,0,0,0,6
S0,1,R,counter_prior,True,15,-1,-1,0,0,0,9,0,1,3
S0,1,I,all,True,24,-9,-9,0,0,1,9,3,2,9
S0,1,I,prior_aligned,True,9,-2,-2,0,0,0,0,0,0,6
S0,1,I,counter_prior,True,15,-7,-7,0,0,1,9,3,2,3
S0,1,N,all,True,24,-13,-13,0,0,1,9,5,4,9
S0,1,N,prior_aligned,True,9,-5,-5,0,0,0,0,1,2,6
S0,1,N,counter_prior,True,15,-8,-8,0,0,1,9,4,2,3
S0,1,R_SHUFFLED,all,True,24,0,0,0,0,0,9,0,0,9
S0,1,R_SHUFFLED,prior_aligned,True,9,0,0,0,0,0,0,0,0,6
S0,1,R_SHUFFLED,counter_prior,True,15,0,0,0,0,0,9,0,0,3
S0,2,R,all,True,24,0,0,0,0,0,6,0,0,9
S0,2,R,prior_aligned,True,9,0,0,0,0,0,3,0,0,3
S0,2,R,counter_prior,True,15,0,0,0,0,0,3,0,0,6
S0,2,I,all,True,24,-5,-5,0,0,0,6,3,1,9
S0,2,I,prior_aligned,True,9,0,0,0,0,0,3,0,0,3
S0,2,I,counter_prior,True,15,-5,-5,0,0,0,3,3,1,6
S0,2,N,all,True,24,-7,-7,0,0,0,6,2,0,9
S0,2,N,prior_aligned,True,9,-2,-2,0,0,0,3,1,0,3
S0,2,N,counter_prior,True,15,-5,-5,0,0,0,3,1,0,6
S0,2,R_SHUFFLED,all,True,24,-1,-1,0,0,0,6,0,0,9
S0,2,R_SHUFFLED,prior_aligned,True,9,0,0,0,0,0,3,0,0,3
S0,2,R_SHUFFLED,counter_prior,True,15,-1,-1,0,0,0,3,0,0,6
S0,3,R,all,False,15,0,0,0,0,0,6,0,0,9
S0,3,R,prior_aligned,False,6,0,0,0,0,0,0,0,0,6
S0,3,R,counter_prior,False,9,0,0,0,0,0,6,0,0,3
S0,3,I,all,True,24,-9,-9,0,0,0,6,2,3,9
S0,3,I,prior_aligned,True,9,-3,-3,0,0,0,0,2,1,6
S0,3,I,counter_prior,True,15,-6,-6,0,0,0,6,0,2,3
S0,3,N,all,True,24,-8,-8,0,0,1,6,1,4,9
S0,3,N,prior_aligned,True,9,-1,-1,0,0,0,0,1,2,6
S0,3,N,counter_prior,True,15,-7,-7,0,0,1,6,0,2,3
S0,3,R_SHUFFLED,all,True,24,1,1,0,0,0,6,0,0,9
S0,3,R_SHUFFLED,prior_aligned,True,9,1,1,0,0,0,0,0,0,6
S0,3,R_SHUFFLED,counter_prior,True,15,0,0,0,0,0,6,0,0,3
S1,1,R,all,True,24,1,0,1,0,0,9,0,0,9
S1,1,R,prior_aligned,True,9,0,0,0,0,0,0,0,0,6
S1,1,R,counter_prior,True,15,1,0,1,0,0,9,0,0,3
S1,1,I,all,True,24,1,1,0,0,3,9,1,1,9
S1,1,I,prior_aligned,True,9,0,0,0,0,0,0,0,0,6
S1,1,I,counter_prior,True,15,1,1,0,0,3,9,1,1,3
S1,1,N,all,True,24,-2,-2,0,0,2,9,2,2,9
S1,1,N,prior_aligned,True,9,0,0,0,0,0,0,0,0,6
S1,1,N,counter_prior,True,15,-2,-2,0,0,2,9,2,2,3
S1,1,R_SHUFFLED,all,True,24,0,-1,1,0,0,9,1,0,9
S1,1,R_SHUFFLED,prior_aligned,True,9,0,0,0,0,0,0,0,0,6
S1,1,R_SHUFFLED,counter_prior,True,15,0,-1,1,0,0,9,1,0,3
S1,2,R,all,True,24,-3,-4,1,0,2,6,0,2,9
S1,2,R,prior_aligned,True,9,1,0,1,0,1,3,0,0,3
S1,2,R,counter_prior,True,15,-4,-4,0,0,1,3,0,2,6
S1,2,I,all,True,24,1,1,0,0,1,6,0,0,9
S1,2,I,prior_aligned,True,9,1,1,0,0,1,3,0,0,3
S1,2,I,counter_prior,True,15,0,0,0,0,0,3,0,0,6
S1,2,N,all,True,24,1,1,0,0,0,6,0,0,9
S1,2,N,prior_aligned,True,9,0,0,0,0,0,3,0,0,3
S1,2,N,counter_prior,True,15,1,1,0,0,0,3,0,0,6
S1,2,R_SHUFFLED,all,True,24,-5,-5,0,0,1,6,0,5,9
S1,2,R_SHUFFLED,prior_aligned,True,9,-1,-1,0,0,1,3,0,2,3
S1,2,R_SHUFFLED,counter_prior,True,15,-4,-4,0,0,0,3,0,3,6
S1,3,R,all,True,24,-2,-2,0,0,2,6,0,4,9
S1,3,R,prior_aligned,True,9,-2,-2,0,0,0,0,0,2,6
S1,3,R,counter_prior,True,15,0,0,0,0,2,6,0,2,3
S1,3,I,all,True,24,-7,-7,0,0,0,6,1,3,9
S1,3,I,prior_aligned,True,9,-4,-4,0,0,0,0,1,1,6
S1,3,I,counter_prior,True,15,-3,-3,0,0,0,6,0,2,3
S1,3,N,all,True,24,-6,-6,0,0,0,6,1,2,9
S1,3,N,prior_aligned,True,9,-2,-2,0,0,0,0,1,0,6
S1,3,N,counter_prior,True,15,-4,-4,0,0,0,6,0,2,3
S1,3,R_SHUFFLED,all,True,24,-5,-5,0,0,1,6,1,4,9
S1,3,R_SHUFFLED,prior_aligned,True,9,-4,-4,0,0,0,0,1,3,6
S1,3,R_SHUFFLED,counter_prior,True,15,-1,-1,0,0,1,6,0,1,3
