format,persona,arm,moment_id,action,valid,mode,immediate_utility,information_bonus,utility,d5,use_correct,acquired_before_test,prior_stratum
S0,1,R,1-09-test-0,reply,True,ask,0,0,0,False,False,False,counter_prior
S0,1,R,1-04-test-0,reply,True,hold,0,0,0,False,False,False,counter_prior
S0,1,R,1-03-test-0,reply,True,suggest,0,0,0,False,False,False,counter_prior
S0,1,R,1-15-test-0,reply,True,suggest,0,0,0,False,False,False,prior_aligned
S0,1,R,1-14-test-0,reply,True,hold,0,0,0,False,False,False,prior_aligned
S0,1,R,1-11-test-0,reply,True,hold,0,0,0,False,False,False,prior_aligned
S0,1,R,1-02-test-0,reply,True,ask,0,0,0,False,False,False,counter_prior
S0,1,R,1-05-test-0,reply,True,ask,0,0,0,False,False,False,counter_prior
S0,1,R,1-09-test-1,reply,True,ask,0,0,0,False,False,False,counter_prior
S0,1,R,1-04-test-1,reply,True,hold,0,0,0,False,False,False,counter_prior
S0,1,R,1-03-test-1,reply,True,suggest,0,0,0,False,False,False,counter_prior
S0,1,R,1-15-test-1,reply,True,suggest,0,0,0,False,False,False,prior_aligned
S0,1,R,1-14-test-1,reply,True,hold,0,0,0,False,False,False,prior_aligned
S0,1,R,1-11-test-1,reply,True,hold,0,0,0,False,False,False,prior_aligned
S0,1,R,1-02-test-1,reply,True,ask,0,0,0,False,False,False,counter_prior
S0,1,R,1-05-test-1,reply,True,ask,0,0,0,False,False,False,counter_prior
S0,1,R,1-09-test-2,reply,True,ask,0,0,0,False,False,False,counter_prior
S0,1,R,1-04-test-2,ask,True,hold,-1,0,-1,False,False,False,counter_prior
S0,1,R,1-03-test-2,reply,True,suggest,0,0,0,False,False,False,counter_prior
S0,1,R,1-15-test-2,reply,True,suggest,0,0,0,False,False,False,prior_aligned
S0,1,R,1-14-test-2,reply,True,hold,0,0,0,False,False,False,prior_aligned
S0,1,R,1-11-test-2,reply,True,hold,0,0,0,False,False,False,prior_aligned
S0,1,R,1-02-test-2,reply,True,ask,0,0,0,False,False,False,counter_prior
S0,1,R,1-05-test-2,reply,True,ask,0,0,0,False,False,False,counter_prior
S0,1,I,1-09-test-0,quiet,True,ask,0,0,0,False,False,False,counter_prior
S0,1,I,1-04-test-0,suggest,True,hold,-1,0,-1,False,False,False,counter_prior
S0,1,I,1-03-test-0,repeat,True,suggest,-1,0,-1,False,False,False,counter_prior
S0,1,I,1-15-test-0,ask,True,suggest,-1,0,-1,False,False,False,prior_aligned
S0,1,I,1-14-test-0,reply,True,hold,0,0,0,False,False,False,prior_aligned
S0,1,I,1-11-test-0,quiet,True,hold,0,0,0,False,False,False,prior_aligned
S0,1,I,1-02-test-0,reply,True,ask,0,0,0,False,False,False,counter_prior
S0,1,I,1-05-test-0,reply,True,ask,0,0,0,False,False,False,counter_prior
S0,1,I,1-09-test-1,ask,True,ask,1,0,1,False,False,False,counter_prior
S0,1,I,1-04-test-1,repeat,True,hold,-1,0,-1,False,False,False,counter_prior
S0,1,I,1-03-test-1,ask,True,suggest,-1,0,-1,False,False,False,counter_prior
S0,1,I,1-15-test-1,ask,True,suggest,-1,0,-1,False,False,False,prior_aligned
S0,1,I,1-14-test-1,quiet,True,hold,0,0,0,False,False,False,prior_aligned
S0,1,I,1-11-test-1,quiet,True,hold,0,0,0,False,False,False,prior_aligned
S0,1,I,1-02-test-1,reply,True,ask,0,0,0,False,False,False,counter_prior
S0,1,I,1-05-test-1,repeat,True,ask,-1,0,-1,False,False,False,counter_prior
S0,1,I,1-09-test-2,repeat,True,ask,-1,0,-1,False,False,False,counter_prior
S0,1,I,1-04-test-2,ask,True,hold,-1,0,-1,False,False,False,counter_prior
S0,1,I,1-03-test-2,reply,True,suggest,0,0,0,False,False,False,counter_prior
S0,1,I,1-15-test-2,quiet,True,suggest,0,0,0,False,False,False,prior_aligned
S0,1,I,1-14-test-2,reply,True,hold,0,0,0,False,False,False,prior_aligned
S0,1,I,1-11-test-2,quiet,True,hold,0,0,0,False,False,False,prior_aligned
S0,1,I,1-02-test-2,reply,True,ask,0,0,0,False,False,False,counter_prior
S0,1,I,1-05-test-2,suggest,True,ask,-1,0,-1,False,False,False,counter_prior
S0,1,N,1-09-test-0,reply,True,ask,0,0,0,False,False,False,counter_prior
S0,1,N,1-04-test-0,repeat,True,hold,-1,0,-1,False,False,False,counter_prior
S0,1,N,1-03-test-0,repeat,True,suggest,-1,0,-1,False,False,False,counter_prior
S0,1,N,1-15-test-0,reply,True,suggest,0,0,0,False,False,False,prior_aligned
S0,1,N,1-14-test-0,repeat,True,hold,-1,0,-1,False,False,False,prior_aligned
S0,1,N,1-11-test-0,suggest,True,hold,-1,0,-1,False,False,False,prior_aligned
S0,1,N,1-02-test-0,reply,True,ask,0,0,0,False,False,False,counter_prior
S0,1,N,1-05-test-0,repeat,True,ask,-1,0,-1,False,False,False,counter_prior
S0,1,N,1-09-test-1,ask,True,ask,1,0,1,False,False,False,counter_prior
S0,1,N,1-04-test-1,suggest,True,hold,-1,0,-1,False,False,False,counter_prior
S0,1,N,1-03-test-1,ask,True,suggest,-1,0,-1,False,False,False,counter_prior
S0,1,N,1-15-test-1,ask,True,suggest,-1,0,-1,False,False,False,prior_aligned
S0,1,N,1-14-test-1,reply,True,hold,0,0,0,False,False,False,prior_aligned
S0,1,N,1-11-test-1,repeat,True,hold,-1,0,-1,False,False,False,prior_aligned
S0,1,N,1-02-test-1,reply,True,ask,0,0,0,False,False,False,counter_prior
S0,1,N,1-05-test-1,repeat,True,ask,-1,0,-1,False,False,False,counter_prior
S0,1,N,1-09-test-2,repeat,True,ask,-1,0,-1,False,False,False,counter_prior
S0,1,N,1-04-test-2,ask,True,hold,-1,0,-1,False,False,False,counter_prior
S0,1,N,1-03-test-2,reply,True,suggest,0,0,0,False,False,False,counter_prior
S0,1,N,1-15-test-2,quiet,True,suggest,0,0,0,False,False,False,prior_aligned
S0,1,N,1-14-test-2,suggest,True,hold,-1,0,-1,False,False,False,prior_aligned
S0,1,N,1-11-test-2,reply,True,hold,0,0,0,False,False,False,prior_aligned
S0,1,N,1-02-test-2,reply,True,ask,0,0,0,False,False,False,counter_prior
S0,1,N,1-05-test-2,suggest,True,ask,-1,0,-1,False,False,False,counter_prior
S0,1,R_SHUFFLED,1-09-test-0,reply,True,ask,0,0,0,False,False,False,counter_prior
S0,1,R_SHUFFLED,1-04-test-0,reply,True,hold,0,0,0,False,False,False,counter_prior
S0,1,R_SHUFFLED,1-03-test-0,reply,True,suggest,0,0,0,False,False,False,counter_prior
S0,1,R_SHUFFLED,1-15-test-0,reply,True,suggest,0,0,0,False,False,False,prior_aligned
S0,1,R_SHUFFLED,1-14-test-0,reply,True,hold,0,0,0,False,False,False,prior_aligned
S0,1,R_SHUFFLED,1-11-test-0,reply,True,hold,0,0,0,False,False,False,prior_aligned
S0,1,R_SHUFFLED,1-02-test-0,reply,True,ask,0,0,0,False,False,False,counter_prior
S0,1,R_SHUFFLED,1-05-test-0,quiet,True,ask,0,0,0,False,False,False,counter_prior
S0,1,R_SHUFFLED,1-09-test-1,reply,True,ask,0,0,0,False,False,False,counter_prior
S0,1,R_SHUFFLED,1-04-test-1,quiet,True,hold,0,0,0,False,False,False,counter_prior
S0,1,R_SHUFFLED,1-03-test-1,reply,True,suggest,0,0,0,False,False,False,counter_prior
S0,1,R_SHUFFLED,1-15-test-1,reply,True,suggest,0,0,0,False,False,False,prior_aligned
S0,1,R_SHUFFLED,1-14-test-1,reply,True,hold,0,0,0,False,False,False,prior_aligned
S0,1,R_SHUFFLED,1-11-test-1,reply,True,hold,0,0,0,False,False,False,prior_aligned
S0,1,R_SHUFFLED,1-02-test-1,reply,True,ask,0,0,0,False,False,False,counter_prior
S0,1,R_SHUFFLED,1-05-test-1,reply,True,ask,0,0,0,False,False,False,counter_prior
S0,1,R_SHUFFLED,1-09-test-2,reply,True,ask,0,0,0,False,False,False,counter_prior
S0,1,R_SHUFFLED,1-04-test-2,reply,True,hold,0,0,0,False,False,False,counter_prior
S0,1,R_SHUFFLED,1-03-test-2,reply,True,suggest,0,0,0,False,False,False,counter_prior
S0,1,R_SHUFFLED,1-15-test-2,reply,True,suggest,0,0,0,False,False,False,prior_aligned
S0,1,R_SHUFFLED,1-14-test-2,reply,True,hold,0,0,0,False,False,False,prior_aligned
S0,1,R_SHUFFLED,1-11-test-2,quiet,True,hold,0,0,0,False,False,False,prior_aligned
S0,1,R_SHUFFLED,1-02-test-2,reply,True,ask,0,0,0,False,False,False,counter_prior
S0,1,R_SHUFFLED,1-05-test-2,reply,True,ask,0,0,0,False,False,False,counter_prior
S0,2,R,2-00-test-0,reply,True,suggest,0,0,0,False,False,False,counter_prior
S0,2,R,2-09-test-0,reply,True,suggest,0,0,0,False,False,False,counter_prior
S0,2,R,2-02-test-0,quiet,True,ask,0,0,0,False,False,False,prior_aligned
S0,2,R,2-14-test-0,reply,True,ask,0,0,0,False,False,False,counter_prior
S0,2,R,2-11-test-0,reply,True,hold,0,0,0,False,False,False,prior_aligned
S0,2,R,2-15-test-0,quiet,True,hold,0,0,0,False,False,False,counter_prior
S0,2,R,2-06-test-0,reply,True,suggest,0,0,0,False,False,False,prior_aligned
S0,2,R,2-04-test-0,reply,True,hold,0,0,0,False,False,False,counter_prior
S0,2,R,2-00-test-1,reply,True,suggest,0,0,0,False,False,False,counter_prior
S0,2,R,2-09-test-1,reply,True,suggest,0,0,0,False,False,False,counter_prior
S0,2,R,2-02-test-1,reply,True,ask,0,0,0,False,False,False,prior_aligned
S0,2,R,2-14-test-1,reply,True,ask,0,0,0,False,False,False,counter_prior
S0,2,R,2-11-test-1,reply,True,hold,0,0,0,False,False,False,prior_aligned
S0,2,R,2-15-test-1,reply,True,hold,0,0,0,False,False,False,counter_prior
S0,2,R,2-06-test-1,reply,True,suggest,0,0,0,False,False,False,prior_aligned
S0,2,R,2-04-test-1,quiet,True,hold,0,0,0,False,False,False,counter_prior
S0,2,R,2-00-test-2,quiet,True,suggest,0,0,0,False,False,False,counter_prior
S0,2,R,2-09-test-2,reply,True,suggest,0,0,0,False,False,False,counter_prior
S0,2,R,2-02-test-2,quiet,True,ask,0,0,0,False,False,False,prior_aligned
S0,2,R,2-14-test-2,quiet,True,ask,0,0,0,False,False,False,counter_prior
S0,2,R,2-11-test-2,reply,True,hold,0,0,0,False,False,False,prior_aligned
S0,2,R,2-15-test-2,reply,True,hold,0,0,0,False,False,False,counter_prior
S0,2,R,2-06-test-2,reply,True,suggest,0,0,0,False,False,False,prior_aligned
S0,2,R,2-04-test-2,reply,True,hold,0,0,0,False,False,False,counter_prior
S0,2,I,2-00-test-0,suggest,True,suggest,1,0,1,False,False,False,counter_prior
S0,2,I,2-09-test-0,repeat,True,suggest,-1,0,-1,False,False,False,counter_prior
S0,2,I,2-02-test-0,quiet,True,ask,0,0,0,False,False,False,prior_aligned
S0,2,I,2-14-test-0,reply,True,ask,0,0,0,False,False,False,counter_prior
S0,2,I,2-11-test-0,quiet,True,hold,0,0,0,False,False,False,prior_aligned
S0,2,I,2-15-test-0,reply,True,hold,0,0,0,False,False,False,counter_prior
S0,2,I,2-06-test-0,suggest,True,suggest,1,0,1,False,False,False,prior_aligned
S0,2,I,2-04-test-0,repeat,True,hold,-1,0,-1,False,False,False,counter_prior
S0,2,I,2-00-test-1,suggest,True,suggest,1,0,1,False,False,False,counter_prior
S0,2,I,2-09-test-1,ask,True,suggest,-1,0,-1,False,False,False,counter_prior
S0,2,I,2-02-test-1,reply,True,ask,0,0,0,False,False,False,prior_aligned
S0,2,I,2-14-test-1,suggest,True,ask,-1,0,-1,False,False,False,counter_prior
S0,2,I,2-11-test-1,quiet,True,hold,0,0,0,False,False,False,prior_aligned
S0,2,I,2-15-test-1,repeat,True,hold,-1,0,-1,False,False,False,counter_prior
S0,2,I,2-06-test-1,reply,True,suggest,0,0,0,False,False,False,prior_aligned
S0,2,I,2-04-test-1,suggest,True,hold,-1,0,-1,False,False,False,counter_prior
S0,2,I,2-00-test-2,suggest,True,suggest,1,0,1,False,False,False,counter_prior
S0,2,I,2-09-test-2,repeat,True,suggest,-1,0,-1,False,False,False,counter_prior
S0,2,I,2-02-test-2,quiet,True,ask,0,0,0,False,False,False,prior_aligned
S0,2,I,2-14-test-2,quiet,True,ask,0,0,0,False,False,False,counter_prior
S0,2,I,2-11-test-2,reply,True,hold,0,0,0,False,False,False,prior_aligned
S0,2,I,2-15-test-2,reply,True,hold,0,0,0,False,False,False,counter_prior
S0,2,I,2-06-test-2,repeat,True,suggest,-1,0,-1,False,False,False,prior_aligned
S0,2,I,2-04-test-2,repeat,True,hold,-1,0,-1,False,False,False,counter_prior
S0,2,N,2-00-test-0,suggest,True,suggest,1,0,1,False,False,False,counter_prior
S0,2,N,2-09-test-0,reply,True,suggest,0,0,0,False,False,False,counter_prior
S0,2,N,2-02-test-0,quiet,True,ask,0,0,0,False,False,False,prior_aligned
S0,2,N,2-14-test-0,quiet,True,ask,0,0,0,False,False,False,counter_prior
S0,2,N,2-11-test-0,quiet,True,hold,0,0,0,False,False,False,prior_aligned
S0,2,N,2-15-test-0,reply,True,hold,0,0,0,False,False,False,counter_prior
S0,2,N,2-06-test-0,reply,True,suggest,0,0,0,False,False,False,prior_aligned
S0,2,N,2-04-test-0,repeat,True,hold,-1,0,-1,False,False,False,counter_prior
S0,2,N,2-00-test-1,repeat,True,suggest,-1,0,-1,False,False,False,counter_prior
S0,2,N,2-09-test-1,ask,True,suggest,-1,0,-1,False,False,False,counter_prior
S0,2,N,2-02-test-1,reply,True,ask,0,0,0,False,False,False,prior_aligned
S0,2,N,2-14-test-1,reply,True,ask,0,0,0,False,False,False,counter_prior
S0,2,N,2-11-test-1,repeat,True,hold,-1,0,-1,False,False,False,prior_aligned
S0,2,N,2-15-test-1,quiet,True,hold,0,0,0,False,False,False,counter_prior
S0,2,N,2-06-test-1,ask,True,suggest,-1,0,-1,False,False,False,prior_aligned
S0,2,N,2-04-test-1,repeat,True,hold,-1,0,-1,False,False,False,counter_prior
S0,2,N,2-00-test-2,suggest,True,suggest,1,0,1,False,False,False,counter_prior
S0,2,N,2-09-test-2,repeat,True,suggest,-1,0,-1,False,False,False,counter_prior
S0,2,N,2-02-test-2,reply,True,ask,0,0,0,False,False,False,prior_aligned
S0,2,N,2-14-test-2,repeat,True,ask,-1,0,-1,False,False,False,counter_prior
S0,2,N,2-11-test-2,reply,True,hold,0,0,0,False,False,False,prior_aligned
S0,2,N,2-15-test-2,reply,True,hold,0,0,0,False,False,False,counter_prior
S0,2,N,2-06-test-2,reply,True,suggest,0,0,0,False,False,False,prior_aligned
S0,2,N,2-04-test-2,repeat,True,hold,-1,0,-1,False,False,False,counter_prior
S0,2,R_SHUFFLED,2-00-test-0,quiet,True,suggest,0,0,0,False,False,False,counter_prior
S0,2,R_SHUFFLED,2-09-test-0,reply,True,suggest,0,0,0,False,False,False,counter_prior
S0,2,R_SHUFFLED,2-02-test-0,quiet,True,ask,0,0,0,False,False,False,prior_aligned
S0,2,R_SHUFFLED,2-14-test-0,reply,True,ask,0,0,0,False,False,False,counter_prior
S0,2,R_SHUFFLED,2-11-test-0,quiet,True,hold,0,0,0,False,False,False,prior_aligned
S0,2,R_SHUFFLED,2-15-test-0,quiet,True,hold,0,0,0,False,False,False,counter_prior
S0,2,R_SHUFFLED,2-06-test-0,reply,True,suggest,0,0,0,False,False,False,prior_aligned
S0,2,R_SHUFFLED,2-04-test-0,repeat,True,hold,-1,0,-1,False,False,False,counter_prior
S0,2,R_SHUFFLED,2-00-test-1,reply,True,suggest,0,0,0,False,False,False,counter_prior
S0,2,R_SHUFFLED,2-09-test-1,quiet,True,suggest,0,0,0,False,False,False,counter_prior
S0,2,R_SHUFFLED,2-02-test-1,reply,True,ask,0,0,0,False,False,False,prior_aligned
S0,2,R_SHUFFLED,2-14-test-1,reply,True,ask,0,0,0,False,False,False,counter_prior
S0,2,R_SHUFFLED,2-11-test-1,reply,True,hold,0,0,0,False,False,False,prior_aligned
S0,2,R_SHUFFLED,2-15-test-1,reply,True,hold,0,0,0,False,False,False,counter_prior
S0,2,R_SHUFFLED,2-06-test-1,reply,True,suggest,0,0,0,False,False,False,prior_aligned
S0,2,R_SHUFFLED,2-04-test-1,quiet,True,hold,0,0,0,False,False,False,counter_prior
S0,2,R_SHUFFLED,2-00-test-2,reply,True,suggest,0,0,0,False,False,False,counter_prior
S0,2,R_SHUFFLED,2-09-test-2,reply,True,suggest,0,0,0,False,False,False,counter_prior
S0,2,R_SHUFFLED,2-02-test-2,reply,True,ask,0,0,0,False,False,False,prior_aligned
S0,2,R_SHUFFLED,2-14-test-2,quiet,True,ask,0,0,0,False,False,False,counter_prior
S0,2,R_SHUFFLED,2-11-test-2,reply,True,hold,0,0,0,False,False,False,prior_aligned
S0,2,R_SHUFFLED,2-15-test-2,reply,True,hold,0,0,0,False,False,False,counter_prior
S0,2,R_SHUFFLED,2-06-test-2,reply,True,suggest,0,0,0,False,False,False,prior_aligned
S0,2,R_SHUFFLED,2-04-test-2,reply,True,hold,0,0,0,False,False,False,counter_prior
S0,3,R,3-11-test-0,reply,True,hold,0,0,0,False,False,False,prior_aligned
S0,3,R,3-14-test-0,reply,True,ask,0,0,0,False,False,False,counter_prior
S0,3,R,3-00-test-0,reply,True,hold,0,0,0,False,False,False,counter_prior
S0,3,R,3-07-test-0,reply,True,ask,0,0,0,False,False,False,counter_prior
S0,3,R,3-12-test-0,quiet,True,suggest,0,0,0,False,False,False,counter_prior
S0,3,R,3-05-test-0,reply,True,suggest,0,0,0,False,False,False,prior_aligned
S0,3,R,3-02-test-0,quiet,True,hold,0,0,0,False,False,False,prior_aligned
S0,3,R,3-08-test-0,quiet,True,suggest,0,0,0,False,False,False,counter_prior
S0,3,R,3-11-test-1,reply,True,hold,0,0,0,False,False,False,prior_aligned
S0,3,R,3-14-test-1,quiet,True,ask,0,0,0,False,False,False,counter_prior
S0,3,R,3-00-test-1,reply,True,hold,0,0,0,False,False,False,counter_prior
S0,3,R,3-07-test-1,quiet,True,ask,0,0,0,False,False,False,counter_prior
S0,3,R,3-12-test-1,quiet,True,suggest,0,0,0,False,False,False,counter_prior
S0,3,R,3-05-test-1,reply,True,suggest,0,0,0,False,False,False,prior_aligned
S0,3,R,3-02-test-1,reply,True,hold,0,0,0,False,False,False,prior_aligned
S0,3,I,3-11-test-0,quiet,True,hold,0,0,0,False,False,False,prior_aligned
S0,3,I,3-14-test-0,reply,True,ask,0,0,0,False,False,False,counter_prior
S0,3,I,3-00-test-0,ask,True,hold,-1,0,-1,False,False,False,counter_prior
S0,3,I,3-07-test-0,reply,True,ask,0,0,0,False,False,False,counter_prior
S0,3,I,3-12-test-0,reply,True,suggest,0,0,0,False,False,False,counter_prior
S0,3,I,3-05-test-0,repeat,True,suggest,-1,0,-1,False,False,False,prior_aligned
S0,3,I,3-02-test-0,ask,True,hold,-1,0,-1,False,False,False,prior_aligned
S0,3,I,3-08-test-0,repeat,True,suggest,-1,0,-1,False,False,False,counter_prior
S0,3,I,3-11-test-1,quiet,True,hold,0,0,0,False,False,False,prior_aligned
S0,3,I,3-14-test-1,quiet,True,ask,0,0,0,False,False,False,counter_prior
S0,3,I,3-00-test-1,suggest,True,hold,-1,0,-1,False,False,False,counter_prior
S0,3,I,3-07-test-1,quiet,True,ask,0,0,0,False,False,False,counter_prior
S0,3,I,3-12-test-1,ask,True,suggest,-1,0,-1,False,False,False,counter_prior
S0,3,I,3-05-test-1,repeat,True,suggest,-1,0,-1,False,False,False,prior_aligned
S0,3,I,3-02-test-1,quiet,True,hold,0,0,0,False,False,False,prior_aligned
S0,3,I,3-08-test-1,suggest,True,suggest,1,0,1,False,False,False,counter_prior
S0,3,I,3-11-test-2,reply,True,hold,0,0,0,False,False,False,prior_aligned
S0,3,I,3-14-test-2,suggest,True,ask,-1,0,-1,False,False,False,counter_prior
S0,3,I,3-00-test-2,reply,True,hold,0,0,0,False,False,False,counter_prior
S0,3,I,3-07-test-2,quiet,True,ask,0,0,0,False,False,False,counter_prior
S0,3,I,3-12-test-2,repeat,True,suggest,-1,0,-1,False,False,False,counter_prior
S0,3,I,3-05-test-2,quiet,True,suggest,0,0,0,False,False,False,prior_aligned
S0,3,I,3-02-test-2,reply,True,hold,0,0,0,False,False,False,prior_aligned
S0,3,I,3-08-test-2,repeat,True,suggest,-1,0,-1,False,False,False,counter_prior
S0,3,N,3-11-test-0,quiet,True,hold,0,0,0,False,False,False,prior_aligned
S0,3,N,3-14-test-0,reply,True,ask,0,0,0,False,False,False,counter_prior
S0,3,N,3-00-test-0,ask,True,hold,-1,0,-1,False,False,False,counter_prior
S0,3,N,3-07-test-0,ask,True,ask,1,0,1,False,False,False,counter_prior
S0,3,N,3-12-test-0,repeat,True,suggest,-1,0,-1,False,False,False,counter_prior
S0,3,N,3-05-test-0,suggest,True,suggest,1,0,1,False,False,False,prior_aligned
S0,3,N,3-02-test-0,ask,True,hold,-1,0,-1,False,False,False,prior_aligned
S0,3,N,3-08-test-0,repeat,True,suggest,-1,0,-1,False,False,False,counter_prior
S0,3,N,3-11-test-1,quiet,True,hold,0,0,0,False,False,False,prior_aligned
S0,3,N,3-14-test-1,reply,True,ask,0,0,0,False,False,False,counter_prior
S0,3,N,3-00-test-1,suggest,True,hold,-1,0,-1,False,False,False,counter_prior
S0,3,N,3-07-test-1,quiet,True,ask,0,0,0,False,False,False,counter_prior
S0,3,N,3-12-test-1,ask,True,suggest,-1,0,-1,False,False,False,counter_prior
S0,3,N,3-05-test-1,repeat,True,suggest,-1,0,-1,False,False,False,prior_aligned
S0,3,N,3-02-test-1,reply,True,hold,0,0,0,False,False,False,prior_aligned
S0,3,N,3-08-test-1,suggest,True,suggest,1,0,1,False,False,False,counter_prior
S0,3,N,3-11-test-2,reply,True,hold,0,0,0,False,False,False,prior_aligned
S0,3,N,3-14-test-2,repeat,True,ask,-1,0,-1,False,False,False,counter_prior
S0,3,N,3-00-test-2,repeat,True,hold,-1,0,-1,False,False,False,counter_prior
S0,3,N,3-07-test-2,reply,True,ask,0,0,0,False,False,False,counter_prior
S0,3,N,3-12-test-2,repeat,True,suggest,-1,0,-1,False,False,False,counter_prior
S0,3,N,3-05-test-2,suggest,True,suggest,1,0,1,False,False,False,prior_aligned
S0,3,N,3-02-test-2,suggest,True,hold,-1,0,-1,False,False,False,prior_aligned
S0,3,N,3-08-test-2,repeat,True,suggest,-1,0,-1,False,False,False,counter_prior
S0,3,R_SHUFFLED,3-11-test-0,reply,True,hold,0,0,0,False,False,False,prior_aligned
S0,3,R_SHUFFLED,3-14-test-0,reply,True,ask,0,0,0,False,False,False,counter_prior
S0,3,R_SHUFFLED,3-00-test-0,reply,True,hold,0,0,0,False,False,False,counter_prior
S0,3,R_SHUFFLED,3-07-test-0,reply,True,ask,0,0,0,False,False,False,counter_prior
S0,3,R_SHUFFLED,3-12-test-0,reply,True,suggest,0,0,0,False,False,False,counter_prior
S0,3,R_SHUFFLED,3-05-test-0,reply,True,suggest,0,0,0,False,False,False,prior_aligned
S0,3,R_SHUFFLED,3-02-test-0,reply,True,hold,0,0,0,False,False,False,prior_aligned
S0,3,R_SHUFFLED,3-08-test-0,quiet,True,suggest,0,0,0,False,False,False,counter_prior
S0,3,R_SHUFFLED,3-11-test-1,reply,True,hold,0,0,0,False,False,False,prior_aligned
S0,3,R_SHUFFLED,3-14-test-1,quiet,True,ask,0,0,0,False,False,False,counter_prior
S0,3,R_SHUFFLED,3-00-test-1,reply,True,hold,0,0,0,False,False,False,counter_prior
S0,3,R_SHUFFLED,3-07-test-1,quiet,True,ask,0,0,0,False,False,False,counter_prior
S0,3,R_SHUFFLED,3-12-test-1,reply,True,suggest,0,0,0,False,False,False,counter_prior
S0,3,R_SHUFFLED,3-05-test-1,suggest,True,suggest,1,0,1,False,False,False,prior_aligned
S0,3,R_SHUFFLED,3-02-test-1,quiet,True,hold,0,0,0,False,False,False,prior_aligned
S0,3,R_SHUFFLED,3-08-test-1,quiet,True,suggest,0,0,0,False,False,False,counter_prior
S0,3,R_SHUFFLED,3-11-test-2,reply,True,hold,0,0,0,False,False,False,prior_aligned
S0,3,R_SHUFFLED,3-14-test-2,reply,True,ask,0,0,0,False,False,False,counter_prior
S0,3,R_SHUFFLED,3-00-test-2,reply,True,hold,0,0,0,False,False,False,counter_prior
S0,3,R_SHUFFLED,3-07-test-2,quiet,True,ask,0,0,0,False,False,False,counter_prior
S0,3,R_SHUFFLED,3-12-test-2,quiet,True,suggest,0,0,0,False,False,False,counter_prior
S0,3,R_SHUFFLED,3-05-test-2,reply,True,suggest,0,0,0,False,False,False,prior_aligned
S0,3,R_SHUFFLED,3-02-test-2,reply,True,hold,0,0,0,False,False,False,prior_aligned
S0,3,R_SHUFFLED,3-08-test-2,reply,True,suggest,0,0,0,False,False,False,counter_prior
S1,1,R,1-09-test-0,reply,True,ask,0,0,0,False,False,False,counter_prior
S1,1,R,1-04-test-0,reply,True,hold,0,0,0,False,False,False,counter_prior
S1,1,R,1-03-test-0,reply,True,suggest,0,0,0,False,False,False,counter_prior
S1,1,R,1-15-test-0,reply,True,suggest,0,0,0,False,False,False,prior_aligned
S1,1,R,1-14-test-0,reply,True,hold,0,0,0,False,False,False,prior_aligned
S1,1,R,1-11-test-0,reply,True,hold,0,0,0,False,False,False,prior_aligned
S1,1,R,1-02-test-0,reply,True,ask,0,0,0,False,False,False,counter_prior
S1,1,R,1-05-test-0,reply,True,ask,0,0,0,False,False,False,counter_prior
S1,1,R,1-09-test-1,reply,True,ask,0,0,0,False,False,False,counter_prior
S1,1,R,1-04-test-1,reply,True,hold,0,0,0,False,False,False,counter_prior
S1,1,R,1-03-test-1,reply,True,suggest,0,0,0,False,False,False,counter_prior
S1,1,R,1-15-test-1,reply,True,suggest,0,0,0,False,False,False,prior_aligned
S1,1,R,1-14-test-1,reply,True,hold,0,0,0,False,False,False,prior_aligned
S1,1,R,1-11-test-1,reply,True,hold,0,0,0,False,False,False,prior_aligned
S1,1,R,1-02-test-1,reply,True,ask,0,0,0,False,False,False,counter_prior
S1,1,R,1-05-test-1,reply,True,ask,0,1,1,False,True,True,counter_prior
S1,1,R,1-09-test-2,reply,True,ask,0,0,0,False,False,False,counter_prior
S1,1,R,1-04-test-2,reply,True,hold,0,0,0,False,True,False,counter_prior
S1,1,R,1-03-test-2,reply,True,suggest,0,0,0,False,False,False,counter_prior
S1,1,R,1-15-test-2,reply,True,suggest,0,0,0,False,False,False,prior_aligned
S1,1,R,1-14-test-2,reply,True,hold,0,0,0,False,False,False,prior_aligned
S1,1,R,1-11-test-2,reply,True,hold,0,0,0,False,False,False,prior_aligned
S1,1,R,1-02-test-2,reply,True,ask,0,0,0,False,False,False,counter_prior
S1,1,R,1-05-test-2,reply,True,ask,0,0,0,False,False,False,counter_prior
S1,1,I,1-09-test-0,quiet,True,ask,0,0,0,False,False,False,counter_prior
S1,1,I,1-04-test-0,reply,True,hold,0,0,0,False,False,False,counter_prior
S1,1,I,1-03-test-0,reply,True,suggest,0,0,0,False,False,False,counter_prior
S1,1,I,1-15-test-0,reply,True,suggest,0,0,0,False,False,False,prior_aligned
S1,1,I,1-14-test-0,reply,True,hold,0,0,0,False,False,False,prior_aligned
S1,1,I,1-11-test-0,quiet,True,hold,0,0,0,False,False,False,prior_aligned
S1,1,I,1-02-test-0,reply,True,ask,0,0,0,False,False,False,counter_prior
S1,1,I,1-05-test-0,reply,True,ask,0,0,0,False,False,False,counter_prior
S1,1,I,1-09-test-1,ask,True,ask,1,0,1,False,False,False,counter_prior
S1,1,I,1-04-test-1,reply,True,hold,0,0,0,False,False,False,counter_prior
S1,1,I,1-03-test-1,reply,True,suggest,0,0,0,False,False,False,counter_prior
S1,1,I,1-15-test-1,reply,True,suggest,0,0,0,False,False,False,prior_aligned
S1,1,I,1-14-test-1,reply,True,hold,0,0,0,False,False,False,prior_aligned
S1,1,I,1-11-test-1,quiet,True,hold,0,0,0,False,False,False,prior_aligned
S1,1,I,1-02-test-1,reply,True,ask,0,0,0,False,False,False,counter_prior
S1,1,I,1-05-test-1,ask,True,ask,1,0,1,False,False,False,counter_prior
S1,1,I,1-09-test-2,repeat,True,ask,-1,0,-1,False,False,False,counter_prior
S1,1,I,1-04-test-2,ask,True,hold,-1,0,-1,False,False,False,counter_prior
S1,1,I,1-03-test-2,reply,True,suggest,0,0,0,False,False,False,counter_prior
S1,1,I,1-15-test-2,reply,True,suggest,0,0,0,False,False,False,prior_aligned
S1,1,I,1-14-test-2,reply,True,hold,0,0,0,False,False,False,prior_aligned
S1,1,I,1-11-test-2,reply,True,hold,0,0,0,False,False,False,prior_aligned
S1,1,I,1-02-test-2,reply,True,ask,0,0,0,False,False,False,counter_prior
S1,1,I,1-05-test-2,ask,True,ask,1,0,1,False,False,False,counter_prior
S1,1,N,1-09-test-0,repeat,True,ask,-1,0,-1,False,False,False,counter_prior
S1,1,N,1-04-test-0,reply,True,hold,0,0,0,False,False,False,counter_prior
S1,1,N,1-03-test-0,reply,True,suggest,0,0,0,False,False,False,counter_prior
S1,1,N,1-15-test-0,reply,True,suggest,0,0,0,False,False,False,prior_aligned
S1,1,N,1-14-test-0,reply,True,hold,0,0,0,False,False,False,prior_aligned
S1,1,N,1-11-test-0,reply,True,hold,0,0,0,False,False,False,prior_aligned
S1,1,N,1-02-test-0,reply,True,ask,0,0,0,False,False,False,counter_prior
S1,1,N,1-05-test-0,reply,True,ask,0,0,0,False,False,False,counter_prior
S1,1,N,1-09-test-1,ask,True,ask,1,0,1,False,False,False,counter_prior
S1,1,N,1-04-test-1,suggest,True,hold,-1,0,-1,False,False,False,counter_prior
S1,1,N,1-03-test-1,reply,True,suggest,0,0,0,False,False,False,counter_prior
S1,1,N,1-15-test-1,reply,True,suggest,0,0,0,False,False,False,prior_aligned
S1,1,N,1-14-test-1,reply,True,hold,0,0,0,False,False,False,prior_aligned
S1,1,N,1-11-test-1,reply,True,hold,0,0,0,False,False,False,prior_aligned
S1,1,N,1-02-test-1,reply,True,ask,0,0,0,False,False,False,counter_prior
S1,1,N,1-05-test-1,ask,True,ask,1,0,1,False,False,False,counter_prior
S1,1,N,1-09-test-2,repeat,True,ask,-1,0,-1,False,False,False,counter_prior
S1,1,N,1-04-test-2,ask,True,hold,-1,0,-1,False,False,False,counter_prior
S1,1,N,1-03-test-2,reply,True,suggest,0,0,0,False,False,False,counter_prior
S1,1,N,1-15-test-2,reply,True,suggest,0,0,0,False,False,False,prior_aligned
S1,1,N,1-14-test-2,reply,True,hold,0,0,0,False,False,False,prior_aligned
S1,1,N,1-11-test-2,reply,True,hold,0,0,0,False,False,False,prior_aligned
S1,1,N,1-02-test-2,reply,True,ask,0,0,0,False,False,False,counter_prior
S1,1,N,1-05-test-2,reply,True,ask,0,0,0,False,False,False,counter_prior
S1,1,R_SHUFFLED,1-09-test-0,quiet,True,ask,0,0,0,False,False,False,counter_prior
S1,1,R_SHUFFLED,1-04-test-0,reply,True,hold,0,0,0,False,False,False,counter_prior
S1,1,R_SHUFFLED,1-03-test-0,reply,True,suggest,0,0,0,False,False,False,counter_prior
S1,1,R_SHUFFLED,1-15-test-0,reply,True,suggest,0,0,0,False,False,False,prior_aligned
S1,1,R_SHUFFLED,1-14-test-0,reply,True,hold,0,0,0,False,False,False,prior_aligned
S1,1,R_SHUFFLED,1-11-test-0,reply,True,hold,0,0,0,False,False,False,prior_aligned
S1,1,R_SHUFFLED,1-02-test-0,reply,True,ask,0,0,0,False,False,False,counter_prior
S1,1,R_SHUFFLED,1-05-test-0,reply,True,ask,0,0,0,False,False,False,counter_prior
S1,1,R_SHUFFLED,1-09-test-1,reply,True,ask,0,0,0,False,False,False,counter_prior
S1,1,R_SHUFFLED,1-04-test-1,reply,True,hold,0,0,0,False,False,False,counter_prior
S1,1,R_SHUFFLED,1-03-test-1,reply,True,suggest,0,0,0,False,False,False,counter_prior
S1,1,R_SHUFFLED,1-15-test-1,reply,True,suggest,0,0,0,False,False,False,prior_aligned
S1,1,R_SHUFFLED,1-14-test-1,reply,True,hold,0,0,0,False,False,False,prior_aligned
S1,1,R_SHUFFLED,1-11-test-1,reply,True,hold,0,0,0,False,False,False,prior_aligned
S1,1,R_SHUFFLED,1-02-test-1,reply,True,ask,0,0,0,False,False,False,counter_prior
S1,1,R_SHUFFLED,1-05-test-1,reply,True,ask,0,1,1,False,True,True,counter_prior
S1,1,R_SHUFFLED,1-09-test-2,repeat,True,ask,-1,0,-1,False,False,False,counter_prior
S1,1,R_SHUFFLED,1-04-test-2,reply,True,hold,0,0,0,False,True,False,counter_prior
S1,1,R_SHUFFLED,1-03-test-2,reply,True,suggest,0,0,0,False,False,False,counter_prior
S1,1,R_SHUFFLED,1-15-test-2,reply,True,suggest,0,0,0,False,False,False,prior_aligned
S1,1,R_SHUFFLED,1-14-test-2,reply,True,hold,0,0,0,False,False,False,prior_aligned
S1,1,R_SHUFFLED,1-11-test-2,reply,True,hold,0,0,0,False,False,False,prior_aligned
S1,1,R_SHUFFLED,1-02-test-2,reply,True,ask,0,0,0,False,False,False,counter_prior
S1,1,R_SHUFFLED,1-05-test-2,reply,True,ask,0,0,0,False,False,False,counter_prior
S1,2,R,2-00-test-0,ask,True,suggest,-1,0,-1,False,False,False,counter_prior
S1,2,R,2-09-test-0,reply,True,suggest,0,0,0,False,False,False,counter_prior
S1,2,R,2-02-test-0,reply,True,ask,0,1,1,False,True,True,prior_aligned
S1,2,R,2-14-test-0,reply,True,ask,0,0,0,False,False,False,counter_prior
S1,2,R,2-11-test-0,reply,True,hold,0,0,0,False,False,False,prior_aligned
S1,2,R,2-15-test-0,ask,True,hold,-1,0,-1,False,False,False,counter_prior
S1,2,R,2-06-test-0,reply,True,suggest,0,0,0,False,True,False,prior_aligned
S1,2,R,2-04-test-0,reply,True,hold,0,0,0,False,False,False,counter_prior
S1,2,R,2-00-test-1,reply,True,suggest,0,0,0,False,False,False,counter_prior
S1,2,R,2-09-test-1,ask,True,suggest,-1,0,-1,False,False,False,counter_prior
S1,2,R,2-02-test-1,reply,True,ask,0,0,0,False,False,False,prior_aligned
S1,2,R,2-14-test-1,ask,True,ask,1,0,1,False,False,False,counter_prior
S1,2,R,2-11-test-1,reply,True,hold,0,0,0,False,False,False,prior_aligned
S1,2,R,2-15-test-1,ask,True,hold,-1,0,-1,False,False,False,counter_prior
S1,2,R,2-06-test-1,ask,True,suggest,-1,0,-1,False,False,False,prior_aligned
S1,2,R,2-04-test-1,reply,True,hold,0,0,0,False,False,False,counter_prior
S1,2,R,2-00-test-2,reply,True,suggest,0,0,0,False,False,False,counter_prior
S1,2,R,2-09-test-2,ask,True,suggest,-1,0,-1,False,False,False,counter_prior
S1,2,R,2-02-test-2,ask,True,ask,1,0,1,False,False,False,prior_aligned
S1,2,R,2-14-test-2,reply,True,ask,0,0,0,False,False,False,counter_prior
S1,2,R,2-11-test-2,reply,True,hold,0,0,0,False,False,False,prior_aligned
S1,2,R,2-15-test-2,reply,True,hold,0,0,0,False,False,False,counter_prior
S1,2,R,2-06-test-2,reply,True,suggest,0,0,0,False,False,False,prior_aligned
S1,2,R,2-04-test-2,reply,True,hold,0,0,0,False,False,False,counter_prior
S1,2,I,2-00-test-0,reply,True,suggest,0,0,0,False,False,False,counter_prior
S1,2,I,2-09-test-0,reply,True,suggest,0,0,0,False,False,False,counter_prior
S1,2,I,2-02-test-0,ask,True,ask,1,0,1,False,False,False,prior_aligned
S1,2,I,2-14-test-0,reply,True,ask,0,0,0,False,False,False,counter_prior
S1,2,I,2-11-test-0,reply,True,hold,0,0,0,False,False,False,prior_aligned
S1,2,I,2-15-test-0,reply,True,hold,0,0,0,False,False,False,counter_prior
S1,2,I,2-06-test-0,reply,True,suggest,0,0,0,False,False,False,prior_aligned
S1,2,I,2-04-test-0,reply,True,hold,0,0,0,False,False,False,counter_prior
S1,2,I,2-00-test-1,reply,True,suggest,0,0,0,False,False,False,counter_prior
S1,2,I,2-09-test-1,ask,True,suggest,-1,0,-1,False,False,False,counter_prior
S1,2,I,2-02-test-1,reply,True,ask,0,0,0,False,False,False,prior_aligned
S1,2,I,2-14-test-1,reply,True,ask,0,0,0,False,False,False,counter_prior
S1,2,I,2-11-test-1,reply,True,hold,0,0,0,False,False,False,prior_aligned
S1,2,I,2-15-test-1,reply,True,hold,0,0,0,False,False,False,counter_prior
S1,2,I,2-06-test-1,reply,True,suggest,0,0,0,False,False,False,prior_aligned
S1,2,I,2-04-test-1,reply,True,hold,0,0,0,False,False,False,counter_prior
S1,2,I,2-00-test-2,suggest,True,suggest,1,0,1,False,False,False,counter_prior
S1,2,I,2-09-test-2,reply,True,suggest,0,0,0,False,False,False,counter_prior
S1,2,I,2-02-test-2,reply,True,ask,0,0,0,False,False,False,prior_aligned
S1,2,I,2-14-test-2,reply,True,ask,0,0,0,False,False,False,counter_prior
S1,2,I,2-11-test-2,reply,True,hold,0,0,0,False,False,False,prior_aligned
S1,2,I,2-15-test-2,reply,True,hold,0,0,0,False,False,False,counter_prior
S1,2,I,2-06-test-2,reply,True,suggest,0,0,0,False,False,False,prior_aligned
S1,2,I,2-04-test-2,reply,True,hold,0,0,0,False,False,False,counter_prior
S1,2,N,2-00-test-0,suggest,True,suggest,1,0,1,False,False,False,counter_prior
S1,2,N,2-09-test-0,reply,True,suggest,0,0,0,False,False,False,counter_prior
S1,2,N,2-02-test-0,reply,True,ask,0,0,0,False,False,False,prior_aligned
S1,2,N,2-14-test-0,reply,True,ask,0,0,0,False,False,False,counter_prior
S1,2,N,2-11-test-0,reply,True,hold,0,0,0,False,False,False,prior_aligned
S1,2,N,2-15-test-0,reply,True,hold,0,0,0,False,False,False,counter_prior
S1,2,N,2-06-test-0,reply,True,suggest,0,0,0,False,False,False,prior_aligned
S1,2,N,2-04-test-0,reply,True,hold,0,0,0,False,False,False,counter_prior
S1,2,N,2-00-test-1,reply,True,suggest,0,0,0,False,False,False,counter_prior
S1,2,N,2-09-test-1,ask,True,suggest,-1,0,-1,False,False,False,counter_prior
S1,2,N,2-02-test-1,reply,True,ask,0,0,0,False,False,False,prior_aligned
S1,2,N,2-14-test-1,reply,True,ask,0,0,0,False,False,False,counter_prior
S1,2,N,2-11-test-1,reply,True,hold,0,0,0,False,False,False,prior_aligned
S1,2,N,2-15-test-1,reply,True,hold,0,0,0,False,False,False,counter_prior
S1,2,N,2-06-test-1,reply,True,suggest,0,0,0,False,False,False,prior_aligned
S1,2,N,2-04-test-1,reply,True,hold,0,0,0,False,False,False,counter_prior
S1,2,N,2-00-test-2,suggest,True,suggest,1,0,1,False,False,False,counter_prior
S1,2,N,2-09-test-2,reply,True,suggest,0,0,0,False,False,False,counter_prior
S1,2,N,2-02-test-2,reply,True,ask,0,0,0,False,False,False,prior_aligned
S1,2,N,2-14-test-2,reply,True,ask,0,0,0,False,False,False,counter_prior
S1,2,N,2-11-test-2,reply,True,hold,0,0,0,False,False,False,prior_aligned
S1,2,N,2-15-test-2,reply,True,hold,0,0,0,False,False,False,counter_prior
S1,2,N,2-06-test-2,reply,True,suggest,0,0,0,False,False,False,prior_aligned
S1,2,N,2-04-test-2,reply,True,hold,0,0,0,False,False,False,counter_prior
S1,2,R_SHUFFLED,2-00-test-0,reply,True,suggest,0,0,0,False,False,False,counter_prior
S1,2,R_SHUFFLED,2-09-test-0,reply,True,suggest,0,0,0,False,False,False,counter_prior
S1,2,R_SHUFFLED,2-02-test-0,reply,True,ask,0,0,0,False,False,True,prior_aligned
S1,2,R_SHUFFLED,2-14-test-0,reply,True,ask,0,0,0,False,False,False,counter_prior
S1,2,R_SHUFFLED,2-11-test-0,reply,True,hold,0,0,0,False,False,False,prior_aligned
S1,2,R_SHUFFLED,2-15-test-0,ask,True,hold,-1,0,-1,False,False,False,counter_prior
S1,2,R_SHUFFLED,2-06-test-0,reply,True,suggest,0,0,0,False,False,False,prior_aligned
S1,2,R_SHUFFLED,2-04-test-0,reply,True,hold,0,0,0,False,False,False,counter_prior
S1,2,R_SHUFFLED,2-00-test-1,reply,True,suggest,0,0,0,False,False,False,counter_prior
S1,2,R_SHUFFLED,2-09-test-1,ask,True,suggest,-1,0,-1,False,False,False,counter_prior
S1,2,R_SHUFFLED,2-02-test-1,reply,True,ask,0,0,0,False,False,False,prior_aligned
S1,2,R_SHUFFLED,2-14-test-1,reply,True,ask,0,0,0,False,False,False,counter_prior
S1,2,R_SHUFFLED,2-11-test-1,ask,True,hold,-1,0,-1,False,False,False,prior_aligned
S1,2,R_SHUFFLED,2-15-test-1,ask,True,hold,-1,0,-1,False,False,False,counter_prior
S1,2,R_SHUFFLED,2-06-test-1,reply,True,suggest,0,0,0,False,False,False,prior_aligned
S1,2,R_SHUFFLED,2-04-test-1,reply,True,hold,0,0,0,False,False,False,counter_prior
S1,2,R_SHUFFLED,2-00-test-2,reply,True,suggest,0,0,0,False,False,False,counter_prior
S1,2,R_SHUFFLED,2-09-test-2,reply,True,suggest,0,0,0,False,False,False,counter_prior
S1,2,R_SHUFFLED,2-02-test-2,ask,True,ask,1,0,1,False,False,False,prior_aligned
S1,2,R_SHUFFLED,2-14-test-2,reply,True,ask,0,0,0,False,False,False,counter_prior
S1,2,R_SHUFFLED,2-11-test-2,ask,True,hold,-1,0,-1,False,False,False,prior_aligned
S1,2,R_SHUFFLED,2-15-test-2,ask,True,hold,-1,0,-1,False,False,False,counter_prior
S1,2,R_SHUFFLED,2-06-test-2,reply,True,suggest,0,0,0,False,False,False,prior_aligned
S1,2,R_SHUFFLED,2-04-test-2,reply,True,hold,0,0,0,False,False,False,counter_prior
S1,3,R,3-11-test-0,reply,True,hold,0,0,0,False,False,False,prior_aligned
S1,3,R,3-14-test-0,ask,True,ask,1,0,1,False,False,False,counter_prior
S1,3,R,3-00-test-0,ask,True,hold,-1,0,-1,False,False,False,counter_prior
S1,3,R,3-07-test-0,ask,True,ask,1,0,1,False,False,False,counter_prior
S1,3,R,3-12-test-0,reply,True,suggest,0,0,0,False,False,False,counter_prior
S1,3,R,3-05-test-0,reply,True,suggest,0,0,0,False,False,False,prior_aligned
S1,3,R,3-02-test-0,ask,True,hold,-1,0,-1,False,False,False,prior_aligned
S1,3,R,3-08-test-0,reply,True,suggest,0,0,0,False,False,False,counter_prior
S1,3,R,3-11-test-1,ask,True,hold,-1,0,-1,False,False,False,prior_aligned
S1,3,R,3-14-test-1,reply,True,ask,0,0,0,False,False,False,counter_prior
S1,3,R,3-00-test-1,ask,True,hold,-1,0,-1,False,False,False,counter_prior
S1,3,R,3-07-test-1,reply,True,ask,0,0,0,False,False,False,counter_prior
S1,3,R,3-12-test-1,reply,True,suggest,0,0,0,False,False,False,counter_prior
S1,3,R,3-05-test-1,reply,True,suggest,0,0,0,False,False,False,prior_aligned
S1,3,R,3-02-test-1,reply,True,hold,0,0,0,False,False,False,prior_aligned
S1,3,R,3-08-test-1,reply,True,suggest,0,0,0,False,False,False,counter_prior
S1,3,R,3-11-test-2,reply,True,hold,0,0,0,False,False,False,prior_aligned
S1,3,R,3-14-test-2,reply,True,ask,0,0,0,False,False,False,counter_prior
S1,3,R,3-00-test-2,reply,True,hold,0,0,0,False,False,False,counter_prior
S1,3,R,3-07-test-2,reply,True,ask,0,0,0,False,False,False,counter_prior
S1,3,R,3-12-test-2,reply,True,suggest,0,0,0,False,False,False,counter_prior
S1,3,R,3-05-test-2,reply,True,suggest,0,0,0,False,False,False,prior_aligned
S1,3,R,3-02-test-2,reply,True,hold,0,0,0,False,False,False,prior_aligned
S1,3,R,3-08-test-2,reply,True,suggest,0,0,0,False,False,False,counter_prior
S1,3,I,3-11-test-0,reply,True,hold,0,0,0,False,False,False,prior_aligned
S1,3,I,3-14-test-0,reply,True,ask,0,0,0,False,False,False,counter_prior
S1,3,I,3-00-test-0,ask,True,hold,-1,0,-1,False,False,False,counter_prior
S1,3,I,3-07-test-0,reply,True,ask,0,0,0,False,False,False,counter_prior
S1,3,I,3-12-test-0,reply,True,suggest,0,0,0,False,False,False,counter_prior
S1,3,I,3-05-test-0,repeat,True,suggest,-1,0,-1,False,False,False,prior_aligned
S1,3,I,3-02-test-0,ask,True,hold,-1,0,-1,False,False,False,prior_aligned
S1,3,I,3-08-test-0,reply,True,suggest,0,0,0,False,False,False,counter_prior
S1,3,I,3-11-test-1,reply,True,hold,0,0,0,False,False,False,prior_aligned
S1,3,I,3-14-test-1,reply,True,ask,0,0,0,False,False,False,counter_prior
S1,3,I,3-00-test-1,ask,True,hold,-1,0,-1,False,False,False,counter_prior
S1,3,I,3-07-test-1,reply,True,ask,0,0,0,False,False,False,counter_prior
S1,3,I,3-12-test-1,ask,True,suggest,-1,0,-1,False,False,False,counter_prior
S1,3,I,3-05-test-1,ask,True,suggest,-1,0,-1,False,False,False,prior_aligned
S1,3,I,3-02-test-1,reply,True,hold,0,0,0,False,False,False,prior_aligned
S1,3,I,3-08-test-1,reply,True,suggest,0,0,0,False,False,False,counter_prior
S1,3,I,3-11-test-2,reply,True,hold,0,0,0,False,False,False,prior_aligned
S1,3,I,3-14-test-2,reply,True,ask,0,0,0,False,False,False,counter_prior
S1,3,I,3-00-test-2,reply,True,hold,0,0,0,False,False,False,counter_prior
S1,3,I,3-07-test-2,reply,True,ask,0,0,0,False,False,False,counter_prior
S1,3,I,3-12-test-2,reply,True,suggest,0,0,0,False,False,False,counter_prior
S1,3,I,3-05-test-2,ask,True,suggest,-1,0,-1,False,False,False,prior_aligned
S1,3,I,3-02-test-2,reply,True,hold,0,0,0,False,False,False,prior_aligned
S1,3,I,3-08-test-2,reply,True,suggest,0,0,0,False,False,False,counter_prior
S1,3,N,3-11-test-0,reply,True,hold,0,0,0,False,False,False,prior_aligned
S1,3,N,3-14-test-0,reply,True,ask,0,0,0,False,False,False,counter_prior
S1,3,N,3-00-test-0,reply,True,hold,0,0,0,False,False,False,counter_prior
S1,3,N,3-07-test-0,reply,True,ask,0,0,0,False,False,False,counter_prior
S1,3,N,3-12-test-0,reply,True,suggest,0,0,0,False,False,False,counter_prior
S1,3,N,3-05-test-0,repeat,True,suggest,-1,0,-1,False,False,False,prior_aligned
S1,3,N,3-02-test-0,reply,True,hold,0,0,0,False,False,False,prior_aligned
S1,3,N,3-08-test-0,reply,True,suggest,0,0,0,False,False,False,counter_prior
S1,3,N,3-11-test-1,reply,True,hold,0,0,0,False,False,False,prior_aligned
S1,3,N,3-14-test-1,reply,True,ask,0,0,0,False,False,False,counter_prior
S1,3,N,3-00-test-1,suggest,True,hold,-1,0,-1,False,False,False,counter_prior
S1,3,N,3-07-test-1,reply,True,ask,0,0,0,False,False,False,counter_prior
S1,3,N,3-12-test-1,ask,True,suggest,-1,0,-1,False,False,False,counter_prior
S1,3,N,3-05-test-1,ask,True,suggest,-1,0,-1,False,False,False,prior_aligned
S1,3,N,3-02-test-1,reply,True,hold,0,0,0,False,False,False,prior_aligned
S1,3,N,3-08-test-1,reply,True,suggest,0,0,0,False,False,False,counter_prior
S1,3,N,3-11-test-2,reply,True,hold,0,0,0,False,False,False,prior_aligned
S1,3,N,3-14-test-2,reply,True,ask,0,0,0,False,False,False,counter_prior
S1,3,N,3-00-test-2,suggest,True,hold,-1,0,-1,False,False,False,counter_prior
S1,3,N,3-07-test-2,reply,True,ask,0,0,0,False,False,False,counter_prior
S1,3,N,3-12-test-2,reply,True,suggest,0,0,0,False,False,False,counter_prior
S1,3,N,3-05-test-2,reply,True,suggest,0,0,0,False,False,False,prior_aligned
S1,3,N,3-02-test-2,reply,True,hold,0,0,0,False,False,False,prior_aligned
S1,3,N,3-08-test-2,repeat,True,suggest,-1,0,-1,False,False,False,counter_prior
S1,3,R_SHUFFLED,3-11-test-0,ask,True,hold,-1,0,-1,False,False,False,prior_aligned
S1,3,R_SHUFFLED,3-14-test-0,ask,True,ask,1,0,1,False,False,False,counter_prior
S1,3,R_SHUFFLED,3-00-test-0,ask,True,hold,-1,0,-1,False,False,False,counter_prior
S1,3,R_SHUFFLED,3-07-test-0,reply,True,ask,0,0,0,False,False,False,counter_prior
S1,3,R_SHUFFLED,3-12-test-0,reply,True,suggest,0,0,0,False,False,False,counter_prior
S1,3,R_SHUFFLED,3-05-test-0,reply,True,suggest,0,0,0,False,False,False,prior_aligned
S1,3,R_SHUFFLED,3-02-test-0,ask,True,hold,-1,0,-1,False,False,False,prior_aligned
S1,3,R_SHUFFLED,3-08-test-0,reply,True,suggest,0,0,0,False,False,False,counter_prior
S1,3,R_SHUFFLED,3-11-test-1,ask,True,hold,-1,0,-1,False,False,False,prior_aligned
S1,3,R_SHUFFLED,3-14-test-1,reply,True,ask,0,0,0,False,False,False,counter_prior
S1,3,R_SHUFFLED,3-00-test-1,reply,True,hold,0,0,0,False,False,False,counter_prior
S1,3,R_SHUFFLED,3-07-test-1,reply,True,ask,0,0,0,False,False,False,counter_prior
S1,3,R_SHUFFLED,3-12-test-1,ask,True,suggest,-1,0,-1,False,False,False,counter_prior
S1,3,R_SHUFFLED,3-05-test-1,repeat,True,suggest,-1,0,-1,False,False,False,prior_aligned
S1,3,R_SHUFFLED,3-02-test-1,reply,True,hold,0,0,0,False,False,False,prior_aligned
S1,3,R_SHUFFLED,3-08-test-1,reply,True,suggest,0,0,0,False,False,False,counter_prior
S1,3,R_SHUFFLED,3-11-test-2,reply,True,hold,0,0,0,False,False,False,prior_aligned
S1,3,R_SHUFFLED,3-14-test-2,reply,True,ask,0,0,0,False,False,False,counter_prior
S1,3,R_SHUFFLED,3-00-test-2,reply,True,hold,0,0,0,False,False,False,counter_prior
S1,3,R_SHUFFLED,3-07-test-2,reply,True,ask,0,0,0,False,False,False,counter_prior
S1,3,R_SHUFFLED,3-12-test-2,reply,True,suggest,0,0,0,False,False,False,counter_prior
S1,3,R_SHUFFLED,3-05-test-2,reply,True,suggest,0,0,0,False,False,False,prior_aligned
S1,3,R_SHUFFLED,3-02-test-2,reply,True,hold,0,0,0,False,False,False,prior_aligned
S1,3,R_SHUFFLED,3-08-test-2,reply,True,suggest,0,0,0,False,False,False,counter_prior
