candidate,category,exclusion_reasons
P04,P,prior_already_target
P05,P,prior_already_target
P07,P,prior_already_target
P08,P,prior_already_target
P13,P,prior_already_target
P14,P,prior_already_target
P15,P,prior_already_target
P16,P,prior_already_target
P17,P,prior_already_target
P18,P,prior_already_target
P19,P,prior_already_target
P20,P,prior_already_target
P21,P,prior_already_target
P22,P,prior_already_target
P23,P,prior_already_target
P24,P,prior_already_target
P25,P,prior_already_target
P26,P,prior_already_target
P27,P,prior_already_target
P28,P,prior_already_target;ceiling_missing_invalid_or_wrong
P29,P,prior_already_target
P31,P,prior_already_target
P32,P,prior_already_target
P34,P,prior_already_target
P35,P,prior_already_target
P36,P,prior_already_target
P37,P,prior_already_target
P38,P,prior_already_target
P39,P,prior_already_target
P40,P,prior_already_target
P41,P,prior_already_target;ceiling_missing_invalid_or_wrong
P42,P,prior_already_target
P43,P,prior_already_target
P44,P,prior_already_target
P45,P,prior_already_target
P46,P,prior_already_target
P47,P,prior_already_target
P48,P,prior_already_target
Q01,Q,ceiling_missing_invalid_or_wrong
Q02,Q,ceiling_missing_invalid_or_wrong
Q04,Q,ceiling_missing_invalid_or_wrong
Q06,Q,prior_already_target
Q09,Q,ceiling_missing_invalid_or_wrong
Q10,Q,prior_already_target
Q12,Q,ceiling_missing_invalid_or_wrong
Q13,Q,ceiling_missing_invalid_or_wrong
Q14,Q,prior_already_target
Q16,Q,ceiling_missing_invalid_or_wrong
Q18,Q,ceiling_missing_invalid_or_wrong
Q19,Q,ceiling_missing_invalid_or_wrong
Q20,Q,ceiling_missing_invalid_or_wrong
Q21,Q,ceiling_missing_invalid_or_wrong
Q22,Q,ceiling_missing_invalid_or_wrong
Q24,Q,ceiling_missing_invalid_or_wrong
Q26,Q,ceiling_missing_invalid_or_wrong
Q28,Q,prior_already_target;ceiling_missing_invalid_or_wrong
Q30,Q,prior_already_target
Q31,Q,prior_already_target;ceiling_missing_invalid_or_wrong
Q32,Q,prior_already_target
Q33,Q,prior_already_target
Q34,Q,prior_already_target
Q35,Q,prior_already_target
Q36,Q,prior_already_target
Q37,Q,prior_already_target
Q38,Q,prior_already_target
Q39,Q,prior_already_target
Q40,Q,prior_already_target
Q41,Q,prior_already_target
Q42,Q,prior_already_target
Q43,Q,prior_already_target
Q45,Q,prior_already_target
Q46,Q,prior_already_target
Q47,Q,prior_already_target
Q48,Q,prior_already_target
